name,price,url
Светильник потолочный Ринга Black,3990,https://www.divan.ru/product/svetilnik-potolochnyj-ringa-black
Подвесной светильник Кронор Black,7990,https://www.divan.ru/product/podvesnoj-svetilnik-kronor-black
Подвесной светильник Кронор White,7990,https://www.divan.ru/product/podvesnoj-svetilnik-kronor-white
Подвесной светильник Намсен Black,10990,https://www.divan.ru/product/podvesnoj-svetilnik-namsen-black
Подвесной светильник Квина Black,6990,https://www.divan.ru/product/podvesnoj-svetilnik-kvina-black
Подвесной светильник Отра Wood,16990,https://www.divan.ru/product/podvesnoj-svetilnik-otra-wood
Подвесной светильник Кронор Orange,7990,https://www.divan.ru/product/podvesnoj-svetilnik-kronor-orange
Подвесной светильник Тубули-5 Wood,12990,https://www.divan.ru/product/podvesnoj-svetilnik-tubuli-5-wood
Подвесной светильник Тубули Wood,2990,https://www.divan.ru/product/podvesnoj-svetilnik-tubuli-wood
Подвесной светильник Бенфлит Black,6990,https://www.divan.ru/product/podvesnoj-svetilnik-benflit-black
Светильник потолочный Лаго White,10990,https://www.divan.ru/product/svetilnik-potolochnyj-lago-white
Подвесной светильник Исбит Transparent,7990,https://www.divan.ru/product/podvesnoj-svetilnik-isbit-transparent
Светильник потолочный Орхус Black,16990,https://www.divan.ru/product/svetilnik-potolochnyj-orhus-black
Светильник потолочный Орхус White,16990,https://www.divan.ru/product/svetilnik-potolochnyj-orhus-white
Подвесной светильник Ливсден Brown,4690,https://www.divan.ru/product/podvesnoj-svetilnik-livsden-brown
Бра Флиммер Black,1490,https://www.divan.ru/product/bra-flimmer-black
Подвесной светильник Бабл-9,22590,https://www.divan.ru/product/podvesnoj-svetilnik-babl-9
Подвесной светильник Сансет White,4690,https://www.divan.ru/product/podvesnoj-svetilnik-sanset-white
Бра Смастен White,3990,https://www.divan.ru/product/bra-smasten-white
Бра Бабл Black,3190,https://www.divan.ru/product/bra-babl-black
Подвесной светильник Moderli Alina,10990,https://www.divan.ru/product/podvesnoj-svetilnik-moderli-alina
Подвесной светильник Бабл-3,5990,https://www.divan.ru/product/podvesnoj-svetilnik-babl-3
Бра Смастен Black,3990,https://www.divan.ru/product/bra-smasten-black
Подвесной светильник Флиммер Black,1890,https://www.divan.ru/product/podvesnoj-svetilnik-flimmer-black
Бра Варио White,1490,https://www.divan.ru/product/bra-vario-white
Подвесной светильник Кэндел White,3990,https://www.divan.ru/product/podvesnoj-svetilnik-kendel-white
Подвесной светильник Сансет Black,5990,https://www.divan.ru/product/podvesnoj-svetilnik-sanset-black
Подвесной светильник Кая Black,2890,https://www.divan.ru/product/podvesnoj-svetilnik-kaya-black
Подвесной светильник Кэндел Black,3990,https://www.divan.ru/product/podvesnoj-svetilnik-kendel-black
Бра Варио Black,1290,https://www.divan.ru/product/bra-vario-black
Бра Бракетт White,3490,https://www.divan.ru/product/bra-brakett-white
Подвесной светильник Клауд White,9990,https://www.divan.ru/product/podvesnoj-svetilnik-klaud-white
Подвесной светильник Кая White,2990,https://www.divan.ru/product/podvesnoj-svetilnik-kaya-white
Бра Бракетт Black,3490,https://www.divan.ru/product/bra-brakett-black
Бра Берит Orange,3990,https://www.divan.ru/product/bra-berit-orange
Подвесной светильник Малинг Orange,6690,https://www.divan.ru/product/podvesnoj-svetilnik-maling-orange
Подвесной светильник Малинг Olive,6690,https://www.divan.ru/product/podvesnoj-svetilnik-maling-olive
Бра Берит Black,4990,https://www.divan.ru/product/bra-berit-black
Подвесной светильник Чинкве Gold,5990,https://www.divan.ru/product/podvesnoj-svetilnik-chinkve-gold
Подвесной светильник Малинг Black,6690,https://www.divan.ru/product/podvesnoj-svetilnik-maling-black
Подвесной светильник Малинг Beige,6690,https://www.divan.ru/product/podvesnoj-svetilnik-maling-beige
Подвесной светильник Рена Green,3990,https://www.divan.ru/product/podvesnoj-svetilnik-rena-green
Подвесной светильник Рена White,3990,https://www.divan.ru/product/podvesnoj-svetilnik-rena-white
Светильник потолочный Ринга White,3990,https://www.divan.ru/product/svetilnik-potolochnyj-ringa-white
Подвесной светильник Бейла White,5990,https://www.divan.ru/product/podvesnoj-svetilnik-bejla-white
Подвесной светильник Чинкве Gray,5990,https://www.divan.ru/product/podvesnoj-svetilnik-chinkve-gray
Подвесной светильник Чинкве Silver,5990,https://www.divan.ru/product/podvesnoj-svetilnik-chinkve-silver
Подвесной светильник Бейла Black,5990,https://www.divan.ru/product/podvesnoj-svetilnik-bejla-black
